id,user_ID,reservation_date,status
c149fff2-0e5c-4ff9-a15b-7fc83a580dfd,h149fff2-0e5c-4ff9-a15b-7fc83a580dfd,2023-05-24,Issued
c249fff2-0e5c-4ff9-a15b-7fc83a580dfd,h249fff2-0e5c-4ff9-a15b-7fc83a580dfd,2023-05-24,pending
c349fff2-0e5c-4ff9-a15b-7fc83a580dfd,h349fff2-0e5c-4ff9-a15b-7fc83a580dfd,2023-05-24,Issued
c449fff2-0e5c-4ff9-a15b-7fc83a580dfd,h449fff2-0e5c-4ff9-a15b-7fc83a580dfd,2023-05-24,pending
c549fff2-0e5c-4ff9-a15b-7fc83a580dfd,h549fff2-0e5c-4ff9-a15b-7fc83a580dfd,2023-05-24,Issued
c649fff2-0e5c-4ff9-a15b-7fc83a580dfd,h649fff2-0e5c-4ff9-a15b-7fc83a580dfd,2023-04-24,pending
c749fff2-0e5c-4ff9-a15b-7fc83a580dfd,h749fff2-0e5c-4ff9-a15b-7fc83a580dfd,2023-05-24,Issued
c849fff2-0e5c-4ff9-a15b-7fc83a580dfd,h849fff2-0e5c-4ff9-a15b-7fc83a580dfd,2023-05-24,pending
c949fff2-0e5c-4ff9-a15b-7fc83a580dfd,h949fff2-0e5c-4ff9-a15b-7fc83a580dfd,2023-05-24,Issued
 